<metadata xml:lang="en"><Esri><CreaDate>20220210</CreaDate><CreaTime>17105400</CreaTime><ArcGISFormat>1.0</ArcGISFormat><SyncOnce>FALSE</SyncOnce><DataProperties><LayerFile>{"type":"CIMLayerDocument","version":"2.9.0","build":32739,"layers":["CIMPATH=map/planets.xml"],"layerDefinitions":[{"type":"CIMFeatureLayer","name":"planets","uRI":"CIMPATH=map/planets.xml","sourceModifiedTime":{"type":"TimeInstant"},"useSourceMetadata":true,"description":"planets","layerElevation":{"type":"CIMLayerElevationSurface","mapElevationID":"{501F37D2-D8AA-4352-AEB3-99015EB41AE6}"},"expanded":true,"layerType":"Operational","showLegends":true,"visibility":true,"displayCacheType":"Permanent","maxDisplayCacheAge":5,"showPopups":true,"serviceLayerID":-1,"refreshRate":-1,"refreshRateUnit":"esriTimeUnitsSeconds","blendingMode":"Alpha","allowDrapingOnIntegratedMesh":true,"autoGenerateFeatureTemplates":true,"featureTable":{"type":"CIMFeatureTable","displayField":"name","editable":true,"dataConnection":{"type":"CIMStandardDataConnection","workspaceConnectionString":"DATABASE=.Default.gdb","workspaceFactory":"FileGDB","dataset":"planets","datasetType":"esriDTFeatureClass"},"studyAreaSpatialRel":"esriSpatialRelUndefined","searchOrder":"esriSearchOrderSpatial"},"htmlPopupEnabled":true,"selectable":true,"featureCacheType":"Session","displayFiltersType":"ByScale","featureBlendingMode":"Alpha","labelClasses":[{"type":"CIMLabelClass","expression":"$feature.OBJECTID","expressionEngine":"Arcade","featuresToLabel":"AllVisibleFeatures","maplexLabelPlacementProperties":{"type":"CIMMaplexLabelPlacementProperties","featureType":"Point","avoidPolygonHoles":true,"canOverrunFeature":true,"canPlaceLabelOutsidePolygon":true,"canRemoveOverlappingLabel":true,"canStackLabel":true,"connectionType":"Unambiguous","constrainOffset":"NoConstraint","contourAlignmentType":"Page","contourLadderType":"Straight","contourMaximumAngle":90,"enableConnection":true,"enablePointPlacementPriorities":true,"featureWeight":0,"fontHeightReductionLimit":4,"fontHeightReductionStep":0.5,"fontWidthReductionLimit":90,"fontWidthReductionStep":5,"graticuleAlignmentType":"Straight","keyNumberGroupName":"Default","labelBuffer":15,"labelLargestPolygon":true,"labelPriority":-1,"labelStackingProperties":{"type":"CIMMaplexLabelStackingProperties","stackAlignment":"ChooseBest","maximumNumberOfLines":3,"minimumNumberOfCharsPerLine":3,"maximumNumberOfCharsPerLine":24,"separators":[{"type":"CIMMaplexStackingSeparator","separator":" 
				","splitAfter":true},{"type":"CIMMaplexStackingSeparator","separator":",","visible":true,"splitAfter":true}],"trimStackingSeparators":true},"lineFeatureType":"General","linePlacementMethod":"OffsetCurvedFromLine","maximumLabelOverrun":36,"maximumLabelOverrunUnit":"Point","minimumFeatureSizeUnit":"Map","multiPartOption":"OneLabelPerPart","offsetAlongLineProperties":{"type":"CIMMaplexOffsetAlongLineProperties","placementMethod":"BestPositionAlongLine","labelAnchorPoint":"CenterOfLabel","distanceUnit":"Percentage","useLineDirection":true},"pointExternalZonePriorities":{"type":"CIMMaplexExternalZonePriorities","aboveLeft":4,"aboveCenter":2,"aboveRight":1,"centerRight":3,"belowRight":5,"belowCenter":7,"belowLeft":8,"centerLeft":6},"pointPlacementMethod":"AroundPoint","polygonAnchorPointType":"GeometricCenter","polygonBoundaryWeight":0,"polygonExternalZones":{"type":"CIMMaplexExternalZonePriorities","aboveLeft":4,"aboveCenter":2,"aboveRight":1,"centerRight":3,"belowRight":5,"belowCenter":7,"belowLeft":8,"centerLeft":6},"polygonFeatureType":"General","polygonInternalZones":{"type":"CIMMaplexInternalZonePriorities","center":1},"polygonPlacementMethod":"CurvedInPolygon","primaryOffset":1,"primaryOffsetUnit":"Point","removeExtraWhiteSpace":true,"repetitionIntervalUnit":"Point","rotationProperties":{"type":"CIMMaplexRotationProperties","rotationType":"Arithmetic","alignmentType":"Straight"},"secondaryOffset":100,"strategyPriorities":{"type":"CIMMaplexStrategyPriorities","stacking":1,"overrun":2,"fontCompression":3,"fontReduction":4,"abbreviation":5},"thinningDistanceUnit":"Point","truncationMarkerCharacter":".","truncationMinimumLength":1,"truncationPreferredCharacters":"aeiou","truncationExcludedCharacters":"0123456789","polygonAnchorPointPerimeterInsetUnit":"Point"},"name":"Class 1","priority":-1,"standardLabelPlacementProperties":{"type":"CIMStandardLabelPlacementProperties","featureType":"Line","featureWeight":"Low","labelWeight":"High","numLabelsOption":"OneLabelPerName","lineLabelPosition":{"type":"CIMStandardLineLabelPosition","above":true,"inLine":true,"parallel":true},"lineLabelPriorities":{"type":"CIMStandardLineLabelPriorities","aboveStart":3,"aboveAlong":3,"aboveEnd":3,"centerStart":3,"centerAlong":3,"centerEnd":3,"belowStart":3,"belowAlong":3,"belowEnd":3},"pointPlacementMethod":"AroundPoint","pointPlacementPriorities":{"type":"CIMStandardPointPlacementPriorities","aboveLeft":2,"aboveCenter":2,"aboveRight":1,"centerLeft":3,"centerRight":2,"belowLeft":3,"belowCenter":3,"belowRight":2},"rotationType":"Arithmetic","polygonPlacementMethod":"AlwaysHorizontal"},"textSymbol":{"type":"CIMSymbolReference","symbol":{"type":"CIMTextSymbol","blockProgression":"TTB","depth3D":1,"extrapolateBaselines":true,"fontEffects":"Normal","fontEncoding":"Unicode","fontFamilyName":"Tahoma","fontStyleName":"Regular","fontType":"Unspecified","haloSize":1,"height":10,"hinting":"Default","horizontalAlignment":"Left","kerning":true,"letterWidth":100,"ligatures":true,"lineGapType":"ExtraLeading","symbol":{"type":"CIMPolygonSymbol","symbolLayers":[{"type":"CIMSolidFill","enable":true,"color":{"type":"CIMRGBColor","values":[0,0,0,100]}}]},"textCase":"Normal","textDirection":"LTR","verticalAlignment":"Bottom","verticalGlyphOrientation":"Right","wordSpacing":100,"billboardMode3D":"FaceNearPlane"}},"useCodedValue":true,"visibility":true,"iD":-1}],"renderer":{"type":"CIMSimpleRenderer","patch":"Default","symbol":{"type":"CIMSymbolReference","symbol":{"type":"CIMPointSymbol","symbolLayers":[{"type":"CIMVectorMarker","enable":true,"anchorPoint":{"x":0,"y":-0.5},"anchorPointUnits":"Relative","dominantSizeAxis3D":"Y","size":12,"billboardMode3D":"FaceNearPlane","frame":{"xmin":0,"ymin":0,"xmax":21,"ymax":21},"markerGraphics":[{"type":"CIMMarkerGraphic","geometry":{"curveRings":[[[17.170000000000002,14.33],{"b":[[10.5,0],[17.170000000000002,10.65],[12.380000000000001,6.1500000000000004]]},{"b":[[3.8300000000000001,14.33],[8.6500000000000004,6.1799999999999997],[3.8300000000000001,10.65]]},{"b":[[10.5,21],[3.8300000000000001,18.010000000000002],[6.8200000000000003,21]]},{"b":[[17.170000000000002,14.33],[14.19,21],[17.170000000000002,18.010000000000002]]}]]},"symbol":{"type":"CIMPolygonSymbol","symbolLayers":[{"type":"CIMSolidStroke","enable":true,"capStyle":"Round","joinStyle":"Round","lineStyle3D":"Strip","miterLimit":10,"width":0,"color":{"type":"CIMRGBColor","values":[110,110,110,100]}},{"type":"CIMSolidFill","enable":true,"color":{"type":"CIMRGBColor","values":[0,122,194,80]}}]}}],"scaleSymbolsProportionally":true,"respectFrame":true}],"haloSize":1,"scaleX":1,"angleAlignment":"Display"}}},"scaleSymbols":true,"snappable":true}]}</LayerFile><itemProps><itemName Sync="TRUE">planets_v2</itemName><imsContentType Sync="TRUE">002</imsContentType><itemSize Sync="TRUE">0.000</itemSize><itemLocation><linkage Sync="TRUE">file://\\MSI\C$\Users\jason\Downloads\planets_v2.shp</linkage><protocol Sync="TRUE">Local Area Network</protocol></itemLocation></itemProps><coordRef><type Sync="TRUE">Geographic</type><geogcsn Sync="TRUE">GCS_WGS_1984</geogcsn><csUnits Sync="TRUE">Angular Unit: Degree (0.017453)</csUnits><peXml Sync="TRUE">&lt;GeographicCoordinateSystem xsi:type='typens:GeographicCoordinateSystem' xmlns:xsi='http://www.w3.org/2001/XMLSchema-instance' xmlns:xs='http://www.w3.org/2001/XMLSchema' xmlns:typens='http://www.esri.com/schemas/ArcGIS/2.9.0'&gt;&lt;WKT&gt;GEOGCS[&amp;quot;GCS_WGS_1984&amp;quot;,DATUM[&amp;quot;D_WGS_1984&amp;quot;,SPHEROID[&amp;quot;WGS_1984&amp;quot;,6378137.0,298.257223563]],PRIMEM[&amp;quot;Greenwich&amp;quot;,0.0],UNIT[&amp;quot;Degree&amp;quot;,0.0174532925199433],AUTHORITY[&amp;quot;EPSG&amp;quot;,4326]]&lt;/WKT&gt;&lt;XOrigin&gt;-400&lt;/XOrigin&gt;&lt;YOrigin&gt;-400&lt;/YOrigin&gt;&lt;XYScale&gt;11258999068426.238&lt;/XYScale&gt;&lt;ZOrigin&gt;-100000&lt;/ZOrigin&gt;&lt;ZScale&gt;10000&lt;/ZScale&gt;&lt;MOrigin&gt;-100000&lt;/MOrigin&gt;&lt;MScale&gt;10000&lt;/MScale&gt;&lt;XYTolerance&gt;8.983152841195215e-09&lt;/XYTolerance&gt;&lt;ZTolerance&gt;0.001&lt;/ZTolerance&gt;&lt;MTolerance&gt;0.001&lt;/MTolerance&gt;&lt;HighPrecision&gt;true&lt;/HighPrecision&gt;&lt;LeftLongitude&gt;-180&lt;/LeftLongitude&gt;&lt;WKID&gt;4326&lt;/WKID&gt;&lt;LatestWKID&gt;4326&lt;/LatestWKID&gt;&lt;/GeographicCoordinateSystem&gt;</peXml></coordRef><lineage><Process ToolSource="c:\program files\arcgis\pro\Resources\ArcToolbox\toolboxes\Conversion Tools.tbx\FeatureClassToFeatureClass" Date="20220504" Time="195716">FeatureClassToFeatureClass "Planets Symbols" C:\Users\jason\Downloads planets.shp # "name "name" true true false 8000 Text 0 0,First,#,Planets Symbols,name,0,8000;sector "sector" true true false 8000 Text 0 0,First,#,Planets Symbols,sector,0,8000;region "region" true true false 8000 Text 0 0,First,#,Planets Symbols,region,0,8000;coordinates "coordinates" true true false 8000 Text 0 0,First,#,Planets Symbols,coordinates,0,8000;intensity "intensity" true true false 0 Long 0 0,First,#,Planets Symbols,intensity,-1,-1;rotation "rotation" true true false 0 Long 0 0,First,#,Planets Symbols,rotation,-1,-1;image_url "image_url" true true false 256 Text 0 0,First,#,Planets Symbols,image_url,0,256;poi "poi" true true false 500 Text 0 0,First,#,Planets Symbols,poi,0,500;bodyclass "bodyclass" true true false 256 Text 0 0,First,#,Planets Symbols,bodyclass,0,256;diameter "diameter" true true false 50 Text 0 0,First,#,Planets Symbols,diameter,0,50;traderoutes "traderoutes" true true false 500 Text 0 0,First,#,Planets Symbols,traderoutes,0,500;population "population" true true false 256 Text 0 0,First,#,Planets Symbols,population,0,256;climate "climate" true true false 50 Text 0 0,First,#,Planets Symbols,climate,0,50;terrain "terrain" true true false 50 Text 0 0,First,#,Planets Symbols,terrain,0,50;description "description" true true false 5000 Text 0 0,First,#,Planets Symbols,description,0,5000" #</Process><Process ToolSource="c:\program files\arcgis\pro\Resources\ArcToolbox\toolboxes\Conversion Tools.tbx\FeatureClassToFeatureClass" Date="20220511" Time="183620">FeatureClassToFeatureClass planets C:\Users\jason\AppData\Local\Temp\ArcGISProTemp20264\a882114e-59d0-47f2-b793-c76291ae751c\Default.gdb PLANETS_V2 # "name "name" true true false 254 Text 0 0,First,#,planets,planets.name,0,254;sector "sector" true true false 254 Text 0 0,First,#,planets,planets.sector,0,254;region "region" true true false 254 Text 0 0,First,#,planets,planets.region,0,254;coordinate "coordinate" true true false 254 Text 0 0,First,#,planets,planets.coordinate,0,254;intensity "intensity" true true false 10 Long 0 10,First,#,planets,planets.intensity,-1,-1;rotation "rotation" true true false 10 Long 0 10,First,#,planets,planets.rotation,-1,-1;image_url "image_url" true true false 254 Text 0 0,First,#,planets,planets.image_url,0,254;poi "poi" true true false 254 Text 0 0,First,#,planets,planets.poi,0,254;bodyclass "bodyclass" true true false 254 Text 0 0,First,#,planets,planets.bodyclass,0,254;diameter "diameter" true true false 50 Text 0 0,First,#,planets,planets.diameter,0,50;traderoute "traderoute" true true false 254 Text 0 0,First,#,planets,planets.traderoute,0,254;population "population" true true false 254 Text 0 0,First,#,planets,planets.population,0,254;climate "climate" true true false 50 Text 0 0,First,#,planets,planets.climate,0,50;terrain "terrain" true true false 50 Text 0 0,First,#,planets,planets.terrain,0,50;descriptio "descriptio" true true false 254 Text 0 0,First,#,planets,planets.descriptio,0,254;Field1 "Field1" true true false 4 Long 0 0,First,#,planets,wkp.csv.Field1,-1,-1;name "name" true true false 8000 Text 0 0,First,#,planets,wkp.csv.name,0,8000;summary "summary" true true false 8000 Text 0 0,First,#,planets,wkp.csv.summary,0,8000;Region "Region" true true false 8000 Text 0 0,First,#,planets,wkp.csv.Region,0,8000;System "System" true true false 8000 Text 0 0,First,#,planets,wkp.csv.System,0,8000;Grid coordinates "Grid coordinates" true true false 8000 Text 0 0,First,#,planets,wkp.csv.Grid coordinates,0,8000;Region(s) "Region(s)" true true false 8000 Text 0 0,First,#,planets,wkp.csv.Region(s),0,8000;Class "Class" true true false 8000 Text 0 0,First,#,planets,wkp.csv.Class,0,8000;Sector "Sector" true true false 8000 Text 0 0,First,#,planets,wkp.csv.Sector,0,8000;Trade routes "Trade routes" true true false 8000 Text 0 0,First,#,planets,wkp.csv.Trade routes,0,8000;Climate "Climate" true true false 8000 Text 0 0,First,#,planets,wkp.csv.Climate,0,8000;Primary terrain "Primary terrain" true true false 8000 Text 0 0,First,#,planets,wkp.csv.Primary terrain,0,8000;Immigrated species "Immigrated species" true true false 8000 Text 0 0,First,#,planets,wkp.csv.Immigrated species,0,8000;Affiliation "Affiliation" true true false 8000 Text 0 0,First,#,planets,wkp.csv.Affiliation,0,8000;Native species "Native species" true true false 8000 Text 0 0,First,#,planets,wkp.csv.Native species,0,8000;Suns "Suns" true true false 8000 Text 0 0,First,#,planets,wkp.csv.Suns,0,8000;Orbital position "Orbital position" true true false 8000 Text 0 0,First,#,planets,wkp.csv.Orbital position,0,8000;Moons "Moons" true true false 8000 Text 0 0,First,#,planets,wkp.csv.Moons,0,8000;Rotation period "Rotation period" true true false 8000 Text 0 0,First,#,planets,wkp.csv.Rotation period,0,8000;Orbital period "Orbital period" true true false 8000 Text 0 0,First,#,planets,wkp.csv.Orbital period,0,8000;Diameter "Diameter" true true false 8000 Text 0 0,First,#,planets,wkp.csv.Diameter,0,8000;Atmosphere "Atmosphere" true true false 8000 Text 0 0,First,#,planets,wkp.csv.Atmosphere,0,8000;Gravity "Gravity" true true false 8000 Text 0 0,First,#,planets,wkp.csv.Gravity,0,8000;Points of interest "Points of interest" true true false 8000 Text 0 0,First,#,planets,wkp.csv.Points of interest,0,8000;Primary language(s) "Primary language(s)" true true false 8000 Text 0 0,First,#,planets,wkp.csv.Primary language(s),0,8000;Government "Government" true true false 8000 Text 0 0,First,#,planets,wkp.csv.Government,0,8000;Population "Population" true true false 8000 Text 0 0,First,#,planets,wkp.csv.Population,0,8000;Demonym "Demonym" true true false 8000 Text 0 0,First,#,planets,wkp.csv.Demonym,0,8000;Major cities "Major cities" true true false 8000 Text 0 0,First,#,planets,wkp.csv.Major cities,0,8000;Major imports "Major imports" true true false 8000 Text 0 0,First,#,planets,wkp.csv.Major imports,0,8000;Major exports "Major exports" true true false 8000 Text 0 0,First,#,planets,wkp.csv.Major exports,0,8000;Fauna "Fauna" true true false 8000 Text 0 0,First,#,planets,wkp.csv.Fauna,0,8000;Designation "Designation" true true false 8000 Text 0 0,First,#,planets,wkp.csv.Designation,0,8000;Classification "Classification" true true false 8000 Text 0 0,First,#,planets,wkp.csv.Classification,0,8000;Average height "Average height" true true false 8000 Text 0 0,First,#,planets,wkp.csv.Average height,0,8000;Distinctions "Distinctions" true true false 8000 Text 0 0,First,#,planets,wkp.csv.Distinctions,0,8000;Homeworld "Homeworld" true true false 8000 Text 0 0,First,#,planets,wkp.csv.Homeworld,0,8000;Surface water "Surface water" true true false 8000 Text 0 0,First,#,planets,wkp.csv.Surface water,0,8000;Flora "Flora" true true false 8000 Text 0 0,First,#,planets,wkp.csv.Flora,0,8000;Orbits "Orbits" true true false 8000 Text 0 0,First,#,planets,wkp.csv.Orbits,0,8000;Species "Species" true true false 8000 Text 0 0,First,#,planets,wkp.csv.Species,0,8000;Eye color "Eye color" true true false 8000 Text 0 0,First,#,planets,wkp.csv.Eye color,0,8000;Skin color "Skin color" true true false 8000 Text 0 0,First,#,planets,wkp.csv.Skin color,0,8000;Planet "Planet" true true false 8000 Text 0 0,First,#,planets,wkp.csv.Planet,0,8000;Distance from Core "Distance from Core" true true false 8000 Text 0 0,First,#,planets,wkp.csv.Distance from Core,0,8000;Asteroids "Asteroids" true true false 8000 Text 0 0,First,#,planets,wkp.csv.Asteroids,0,8000;Gender "Gender" true true false 8000 Text 0 0,First,#,planets,wkp.csv.Gender,0,8000;Hair color "Hair color" true true false 8000 Text 0 0,First,#,planets,wkp.csv.Hair color,0,8000;Affiliation(s) "Affiliation(s)" true true false 8000 Text 0 0,First,#,planets,wkp.csv.Affiliation(s),0,8000;XYZ coordinates "XYZ coordinates" true true false 8000 Text 0 0,First,#,planets,wkp.csv.XYZ coordinates,0,8000;Manufacturer "Manufacturer" true true false 8000 Text 0 0,First,#,planets,wkp.csv.Manufacturer,0,8000;Modified by "Modified by" true true false 8000 Text 0 0,First,#,planets,wkp.csv.Modified by,0,8000;Modified systems "Modified systems" true true false 8000 Text 0 0,First,#,planets,wkp.csv.Modified systems,0,8000;Length "Length" true true false 8000 Text 0 0,First,#,planets,wkp.csv.Length,0,8000;Hyperdrive rating "Hyperdrive rating" true true false 8000 Text 0 0,First,#,planets,wkp.csv.Hyperdrive rating,0,8000;Shielding "Shielding" true true false 8000 Text 0 0,First,#,planets,wkp.csv.Shielding,0,8000;Hull "Hull" true true false 8000 Text 0 0,First,#,planets,wkp.csv.Hull,0,8000;Sensor systems "Sensor systems" true true false 8000 Text 0 0,First,#,planets,wkp.csv.Sensor systems,0,8000;Navigation system "Navigation system" true true false 8000 Text 0 0,First,#,planets,wkp.csv.Navigation system,0,8000;Armament "Armament" true true false 8000 Text 0 0,First,#,planets,wkp.csv.Armament,0,8000;Complement "Complement" true true false 8000 Text 0 0,First,#,planets,wkp.csv.Complement,0,8000;Docking bays "Docking bays" true true false 8000 Text 0 0,First,#,planets,wkp.csv.Docking bays,0,8000;Crew "Crew" true true false 8000 Text 0 0,First,#,planets,wkp.csv.Crew,0,8000;Minimum crew "Minimum crew" true true false 8000 Text 0 0,First,#,planets,wkp.csv.Minimum crew,0,8000;Passengers "Passengers" true true false 8000 Text 0 0,First,#,planets,wkp.csv.Passengers,0,8000;Cargo capacity "Cargo capacity" true true false 8000 Text 0 0,First,#,planets,wkp.csv.Cargo capacity,0,8000;Consumables "Consumables" true true false 8000 Text 0 0,First,#,planets,wkp.csv.Consumables,0,8000;Role(s) "Role(s)" true true false 8000 Text 0 0,First,#,planets,wkp.csv.Role(s),0,8000;Owner(s) "Owner(s)" true true false 8000 Text 0 0,First,#,planets,wkp.csv.Owner(s),0,8000;Commander(s) "Commander(s)" true true false 8000 Text 0 0,First,#,planets,wkp.csv.Commander(s),0,8000;Crewmembers "Crewmembers" true true false 8000 Text 0 0,First,#,planets,wkp.csv.Crewmembers,0,8000;Present for battles/events "Present for battles/events" true true false 8000 Text 0 0,First,#,planets,wkp.csv.Present for battles/events,0,8000;Cargo handling systems "Cargo handling systems" true true false 8000 Text 0 0,First,#,planets,wkp.csv.Cargo handling systems,0,8000;Communication systems "Communication systems" true true false 8000 Text 0 0,First,#,planets,wkp.csv.Communication systems,0,8000;Other systems "Other systems" true true false 8000 Text 0 0,First,#,planets,wkp.csv.Other systems,0,8000;Aliases "Aliases" true true false 8000 Text 0 0,First,#,planets,wkp.csv.Aliases,0,8000;Sectors/areas "Sectors/areas" true true false 8000 Text 0 0,First,#,planets,wkp.csv.Sectors/areas,0,8000;Died "Died" true true false 8000 Text 0 0,First,#,planets,wkp.csv.Died,0,8000;Language "Language" true true false 8000 Text 0 0,First,#,planets,wkp.csv.Language,0,8000;Space stations "Space stations" true true false 8000 Text 0 0,First,#,planets,wkp.csv.Space stations,0,8000;Subspecies "Subspecies" true true false 8000 Text 0 0,First,#,planets,wkp.csv.Subspecies,0,8000;Average lifespan "Average lifespan" true true false 8000 Text 0 0,First,#,planets,wkp.csv.Average lifespan,0,8000;Navy "Navy" true true false 8000 Text 0 0,First,#,planets,wkp.csv.Navy,0,8000;Line "Line" true true false 8000 Text 0 0,First,#,planets,wkp.csv.Line,0,8000;Model "Model" true true false 8000 Text 0 0,First,#,planets,wkp.csv.Model,0,8000;Point(s) of interest "Point(s) of interest" true true false 8000 Text 0 0,First,#,planets,wkp.csv.Point(s) of interest,0,8000;System(s) "System(s)" true true false 8000 Text 0 0,First,#,planets,wkp.csv.System(s),0,8000;Systems "Systems" true true false 8000 Text 0 0,First,#,planets,wkp.csv.Systems,0,8000;Other objects "Other objects" true true false 8000 Text 0 0,First,#,planets,wkp.csv.Other objects,0,8000;Great Sith War "Great Sith War" true true false 8000 Text 0 0,First,#,planets,wkp.csv.Great Sith War,0,8000;Clone Wars "Clone Wars" true true false 8000 Text 0 0,First,#,planets,wkp.csv.Clone Wars,0,8000;Galactic Civil War "Galactic Civil War" true true false 8000 Text 0 0,First,#,planets,wkp.csv.Galactic Civil War,0,8000;Yuuzhan Vong War "Yuuzhan Vong War" true true false 8000 Text 0 0,First,#,planets,wkp.csv.Yuuzhan Vong War,0,8000;Second Imperial Civil War "Second Imperial Civil War" true true false 8000 Text 0 0,First,#,planets,wkp.csv.Second Imperial Civil War,0,8000;Planets "Planets" true true false 8000 Text 0 0,First,#,planets,wkp.csv.Planets,0,8000;Chiloon Rift crisis "Chiloon Rift crisis" true true false 8000 Text 0 0,First,#,planets,wkp.csv.Chiloon Rift crisis,0,8000;Location(s) "Location(s)" true true false 8000 Text 0 0,First,#,planets,wkp.csv.Location(s),0,8000;Color "Color" true true false 8000 Text 0 0,First,#,planets,wkp.csv.Color,0,8000;Organization type "Organization type" true true false 8000 Text 0 0,First,#,planets,wkp.csv.Organization type,0,8000;Imperial Period conflicts "Imperial Period conflicts" true true false 8000 Text 0 0,First,#,planets,wkp.csv.Imperial Period conflicts,0,8000;Local conflict "Local conflict" true true false 8000 Text 0 0,First,#,planets,wkp.csv.Local conflict,0,8000;Constructed "Constructed" true true false 8000 Text 0 0,First,#,planets,wkp.csv.Constructed,0,8000;Destroyed "Destroyed" true true false 8000 Text 0 0,First,#,planets,wkp.csv.Destroyed,0,8000;Clone Wars[4] "Clone Wars[4]" true true false 8000 Text 0 0,First,#,planets,wkp.csv.Clone Wars[4],0,8000;Primary role(s) "Primary role(s)" true true false 8000 Text 0 0,First,#,planets,wkp.csv.Primary role(s),0,8000;Major product(s) "Major product(s)" true true false 8000 Text 0 0,First,#,planets,wkp.csv.Major product(s),0,8000;Size "Size" true true false 8000 Text 0 0,First,#,planets,wkp.csv.Size,0,8000;Formed from "Formed from" true true false 8000 Text 0 0,First,#,planets,wkp.csv.Formed from,0,8000;Life support "Life support" true true false 8000 Text 0 0,First,#,planets,wkp.csv.Life support,0,8000;Apprentices "Apprentices" true true false 8000 Text 0 0,First,#,planets,wkp.csv.Apprentices,0,8000;Galactic War "Galactic War" true true false 8000 Text 0 0,First,#,planets,wkp.csv.Galactic War,0,8000;Width "Width" true true false 8000 Text 0 0,First,#,planets,wkp.csv.Width,0,8000;Height "Height" true true false 8000 Text 0 0,First,#,planets,wkp.csv.Height,0,8000;Diet "Diet" true true false 8000 Text 0 0,First,#,planets,wkp.csv.Diet,0,8000;Fleet "Fleet" true true false 8000 Text 0 0,First,#,planets,wkp.csv.Fleet,0,8000;Location "Location" true true false 8000 Text 0 0,First,#,planets,wkp.csv.Location,0,8000;Builder(s) "Builder(s)" true true false 8000 Text 0 0,First,#,planets,wkp.csv.Builder(s),0,8000;Average mass "Average mass" true true false 8000 Text 0 0,First,#,planets,wkp.csv.Average mass,0,8000;Order of Zildrog campaign "Order of Zildrog campaign" true true false 8000 Text 0 0,First,#,planets,wkp.csv.Order of Zildrog campaign,0,8000;Leader(s) "Leader(s)" true true false 8000 Text 0 0,First,#,planets,wkp.csv.Leader(s),0,8000;Headquarters "Headquarters" true true false 8000 Text 0 0,First,#,planets,wkp.csv.Headquarters,0,8000;Date dissolved "Date dissolved" true true false 8000 Text 0 0,First,#,planets,wkp.csv.Date dissolved,0,8000;Services "Services" true true false 8000 Text 0 0,First,#,planets,wkp.csv.Services,0,8000;Modules "Modules" true true false 8000 Text 0 0,First,#,planets,wkp.csv.Modules,0,8000;Clone Wars[3] "Clone Wars[3]" true true false 8000 Text 0 0,First,#,planets,wkp.csv.Clone Wars[3],0,8000;Stations "Stations" true true false 8000 Text 0 0,First,#,planets,wkp.csv.Stations,0,8000;Cybernetics "Cybernetics" true true false 8000 Text 0 0,First,#,planets,wkp.csv.Cybernetics,0,8000;Average length "Average length" true true false 8000 Text 0 0,First,#,planets,wkp.csv.Average length,0,8000;Quadrants/regions "Quadrants/regions" true true false 8000 Text 0 0,First,#,planets,wkp.csv.Quadrants/regions,0,8000;Type "Type" true true false 8000 Text 0 0,First,#,planets,wkp.csv.Type,0,8000;Physical description "Physical description" true true false 8000 Text 0 0,First,#,planets,wkp.csv.Physical description,0,8000;Edible by "Edible by" true true false 8000 Text 0 0,First,#,planets,wkp.csv.Edible by,0,8000;Celebrations "Celebrations" true true false 8000 Text 0 0,First,#,planets,wkp.csv.Celebrations,0,8000;Place "Place" true true false 8000 Text 0 0,First,#,planets,wkp.csv.Place,0,8000;Date "Date" true true false 8000 Text 0 0,First,#,planets,wkp.csv.Date,0,8000;Comets "Comets" true true false 8000 Text 0 0,First,#,planets,wkp.csv.Comets,0,8000;Galactic Civil War[2] "Galactic Civil War[2]" true true false 8000 Text 0 0,First,#,planets,wkp.csv.Galactic Civil War[2],0,8000;Alternate name(s) "Alternate name(s)" true true false 8000 Text 0 0,First,#,planets,wkp.csv.Alternate name(s),0,8000;Alignment "Alignment" true true false 8000 Text 0 0,First,#,planets,wkp.csv.Alignment,0,8000;Area "Area" true true false 8000 Text 0 0,First,#,planets,wkp.csv.Area,0,8000;Purpose "Purpose" true true false 8000 Text 0 0,First,#,planets,wkp.csv.Purpose,0,8000;Clan(s) "Clan(s)" true true false 8000 Text 0 0,First,#,planets,wkp.csv.Clan(s),0,8000;Masters "Masters" true true false 8000 Text 0 0,First,#,planets,wkp.csv.Masters,0,8000;Other planets "Other planets" true true false 8000 Text 0 0,First,#,planets,wkp.csv.Other planets,0,8000;Quadrants "Quadrants" true true false 8000 Text 0 0,First,#,planets,wkp.csv.Quadrants,0,8000;Owners "Owners" true true false 8000 Text 0 0,First,#,planets,wkp.csv.Owners,0,8000;Locations "Locations" true true false 8000 Text 0 0,First,#,planets,wkp.csv.Locations,0,8000;Structure "Structure" true true false 8000 Text 0 0,First,#,planets,wkp.csv.Structure,0,8000;Product line "Product line" true true false 8000 Text 0 0,First,#,planets,wkp.csv.Product line,0,8000;Engine unit(s) "Engine unit(s)" true true false 8000 Text 0 0,First,#,planets,wkp.csv.Engine unit(s),0,8000;Countermeasures "Countermeasures" true true false 8000 Text 0 0,First,#,planets,wkp.csv.Countermeasures,0,8000;Born "Born" true true false 8000 Text 0 0,First,#,planets,wkp.csv.Born,0,8000;Dark Nest Crisis "Dark Nest Crisis" true true false 8000 Text 0 0,First,#,planets,wkp.csv.Dark Nest Crisis,0,8000;Swarm War "Swarm War" true true false 8000 Text 0 0,First,#,planets,wkp.csv.Swarm War,0,8000;Cost "Cost" true true false 8000 Text 0 0,First,#,planets,wkp.csv.Cost,0,8000;Availability "Availability" true true false 8000 Text 0 0,First,#,planets,wkp.csv.Availability,0,8000" #</Process><Process ToolSource="c:\program files\arcgis\pro\Resources\ArcToolbox\toolboxes\Data Management Tools.tbx\DeleteField" Date="20220511" Time="183735">DeleteField PLANETS_V2 name_1 "Delete Fields"</Process><Process ToolSource="c:\program files\arcgis\pro\Resources\ArcToolbox\toolboxes\Data Management Tools.tbx\DeleteField" Date="20220511" Time="183749">DeleteField PLANETS_V2 descriptio "Delete Fields"</Process><Process ToolSource="c:\program files\arcgis\pro\Resources\ArcToolbox\toolboxes\Data Management Tools.tbx\DeleteField" Date="20220511" Time="183804">DeleteField PLANETS_V2 poi;bodyclass;diameter;traderoute;population;climate;terrain;Field1 "Delete Fields"</Process><Process ToolSource="c:\program files\arcgis\pro\Resources\ArcToolbox\toolboxes\Data Management Tools.tbx\DeleteField" Date="20220511" Time="183814">DeleteField PLANETS_V2 Region_s_ "Delete Fields"</Process><Process ToolSource="c:\program files\arcgis\pro\Resources\ArcToolbox\toolboxes\Data Management Tools.tbx\DeleteField" Date="20220511" Time="183820">DeleteField PLANETS_V2 Grid_coordinates "Delete Fields"</Process><Process ToolSource="c:\program files\arcgis\pro\Resources\ArcToolbox\toolboxes\Data Management Tools.tbx\DeleteField" Date="20220511" Time="183849">DeleteField PLANETS_V2 Region_1;System;Sector_1 "Delete Fields"</Process><Process ToolSource="c:\program files\arcgis\pro\Resources\ArcToolbox\toolboxes\Data Management Tools.tbx\UpdateSchema" Date="20220511" Time="184245">UpdateSchema "CIMDATA=&lt;CIMStandardDataConnection xsi:type='typens:CIMStandardDataConnection' xmlns:xsi='http://www.w3.org/2001/XMLSchema-instance' xmlns:xs='http://www.w3.org/2001/XMLSchema' xmlns:typens='http://www.esri.com/schemas/ArcGIS/2.9.0'&gt;&lt;WorkspaceConnectionString&gt;DATABASE=C:\Users\jason\AppData\Local\Temp\ArcGISProTemp20264\a882114e-59d0-47f2-b793-c76291ae751c\Default.gdb&lt;/WorkspaceConnectionString&gt;&lt;WorkspaceFactory&gt;FileGDB&lt;/WorkspaceFactory&gt;&lt;Dataset&gt;PLANETS_V2&lt;/Dataset&gt;&lt;DatasetType&gt;esriDTFeatureClass&lt;/DatasetType&gt;&lt;/CIMStandardDataConnection&gt;" &lt;operationSequence&gt;&lt;workflow&gt;&lt;DeleteField&gt;&lt;field_name&gt;System_s_&lt;/field_name&gt;&lt;field_name&gt;Systems&lt;/field_name&gt;&lt;field_name&gt;Other_objects&lt;/field_name&gt;&lt;field_name&gt;Great_Sith_War&lt;/field_name&gt;&lt;field_name&gt;Clone_Wars&lt;/field_name&gt;&lt;field_name&gt;Galactic_Civil_War&lt;/field_name&gt;&lt;field_name&gt;Yuuzhan_Vong_War&lt;/field_name&gt;&lt;field_name&gt;Second_Imperial_Civil_War&lt;/field_name&gt;&lt;field_name&gt;Planets&lt;/field_name&gt;&lt;field_name&gt;Chiloon_Rift_crisis&lt;/field_name&gt;&lt;field_name&gt;Location_s_&lt;/field_name&gt;&lt;field_name&gt;Color&lt;/field_name&gt;&lt;field_name&gt;Organization_type&lt;/field_name&gt;&lt;field_name&gt;Imperial_Period_conflicts&lt;/field_name&gt;&lt;field_name&gt;Local_conflict&lt;/field_name&gt;&lt;field_name&gt;Constructed&lt;/field_name&gt;&lt;field_name&gt;Destroyed&lt;/field_name&gt;&lt;field_name&gt;Clone_Wars_4_&lt;/field_name&gt;&lt;field_name&gt;Primary_role_s_&lt;/field_name&gt;&lt;field_name&gt;Major_product_s_&lt;/field_name&gt;&lt;field_name&gt;Size&lt;/field_name&gt;&lt;field_name&gt;Formed_from&lt;/field_name&gt;&lt;field_name&gt;Life_support&lt;/field_name&gt;&lt;field_name&gt;Apprentices&lt;/field_name&gt;&lt;field_name&gt;Galactic_War&lt;/field_name&gt;&lt;field_name&gt;Width&lt;/field_name&gt;&lt;field_name&gt;Height&lt;/field_name&gt;&lt;field_name&gt;Diet&lt;/field_name&gt;&lt;field_name&gt;Fleet&lt;/field_name&gt;&lt;field_name&gt;Location&lt;/field_name&gt;&lt;field_name&gt;Builder_s_&lt;/field_name&gt;&lt;field_name&gt;Average_mass&lt;/field_name&gt;&lt;field_name&gt;Order_of_Zildrog_campaign&lt;/field_name&gt;&lt;field_name&gt;Leader_s_&lt;/field_name&gt;&lt;field_name&gt;Headquarters&lt;/field_name&gt;&lt;field_name&gt;Date_dissolved&lt;/field_name&gt;&lt;field_name&gt;Services&lt;/field_name&gt;&lt;field_name&gt;Modules&lt;/field_name&gt;&lt;field_name&gt;Clone_Wars_3_&lt;/field_name&gt;&lt;field_name&gt;Stations&lt;/field_name&gt;&lt;field_name&gt;Cybernetics&lt;/field_name&gt;&lt;field_name&gt;Average_length&lt;/field_name&gt;&lt;field_name&gt;Quadrants_regions&lt;/field_name&gt;&lt;field_name&gt;Type&lt;/field_name&gt;&lt;field_name&gt;Physical_description&lt;/field_name&gt;&lt;field_name&gt;Edible_by&lt;/field_name&gt;&lt;field_name&gt;Celebrations&lt;/field_name&gt;&lt;field_name&gt;Place&lt;/field_name&gt;&lt;field_name&gt;Date&lt;/field_name&gt;&lt;field_name&gt;Comets&lt;/field_name&gt;&lt;field_name&gt;Galactic_Civil_War_2_&lt;/field_name&gt;&lt;field_name&gt;Alternate_name_s_&lt;/field_name&gt;&lt;field_name&gt;Alignment&lt;/field_name&gt;&lt;field_name&gt;Area&lt;/field_name&gt;&lt;field_name&gt;Purpose&lt;/field_name&gt;&lt;field_name&gt;Clan_s_&lt;/field_name&gt;&lt;field_name&gt;Masters&lt;/field_name&gt;&lt;field_name&gt;Other_planets&lt;/field_name&gt;&lt;field_name&gt;Quadrants&lt;/field_name&gt;&lt;field_name&gt;Owners&lt;/field_name&gt;&lt;field_name&gt;Locations&lt;/field_name&gt;&lt;field_name&gt;Structure&lt;/field_name&gt;&lt;field_name&gt;Product_line&lt;/field_name&gt;&lt;field_name&gt;Engine_unit_s_&lt;/field_name&gt;&lt;field_name&gt;Countermeasures&lt;/field_name&gt;&lt;field_name&gt;Born&lt;/field_name&gt;&lt;field_name&gt;Dark_Nest_Crisis&lt;/field_name&gt;&lt;field_name&gt;Swarm_War&lt;/field_name&gt;&lt;field_name&gt;Cost&lt;/field_name&gt;&lt;field_name&gt;Availability&lt;/field_name&gt;&lt;/DeleteField&gt;&lt;/workflow&gt;&lt;/operationSequence&gt;</Process><Process ToolSource="c:\program files\arcgis\pro\Resources\ArcToolbox\toolboxes\Data Management Tools.tbx\UpdateSchema" Date="20220511" Time="184343">UpdateSchema "CIMDATA=&lt;CIMStandardDataConnection xsi:type='typens:CIMStandardDataConnection' xmlns:xsi='http://www.w3.org/2001/XMLSchema-instance' xmlns:xs='http://www.w3.org/2001/XMLSchema' xmlns:typens='http://www.esri.com/schemas/ArcGIS/2.9.0'&gt;&lt;WorkspaceConnectionString&gt;DATABASE=C:\Users\jason\AppData\Local\Temp\ArcGISProTemp20264\a882114e-59d0-47f2-b793-c76291ae751c\Default.gdb&lt;/WorkspaceConnectionString&gt;&lt;WorkspaceFactory&gt;FileGDB&lt;/WorkspaceFactory&gt;&lt;Dataset&gt;PLANETS_V2&lt;/Dataset&gt;&lt;DatasetType&gt;esriDTFeatureClass&lt;/DatasetType&gt;&lt;/CIMStandardDataConnection&gt;" &lt;operationSequence&gt;&lt;workflow&gt;&lt;DeleteField&gt;&lt;field_name&gt;Asteroids&lt;/field_name&gt;&lt;field_name&gt;Gender&lt;/field_name&gt;&lt;field_name&gt;Hair_color&lt;/field_name&gt;&lt;field_name&gt;XYZ_coordinates&lt;/field_name&gt;&lt;field_name&gt;Manufacturer&lt;/field_name&gt;&lt;field_name&gt;Modified_by&lt;/field_name&gt;&lt;field_name&gt;Modified_systems&lt;/field_name&gt;&lt;field_name&gt;Length&lt;/field_name&gt;&lt;field_name&gt;Hyperdrive_rating&lt;/field_name&gt;&lt;field_name&gt;Shielding&lt;/field_name&gt;&lt;field_name&gt;Hull&lt;/field_name&gt;&lt;field_name&gt;Sensor_systems&lt;/field_name&gt;&lt;field_name&gt;Navigation_system&lt;/field_name&gt;&lt;field_name&gt;Armament&lt;/field_name&gt;&lt;field_name&gt;Complement&lt;/field_name&gt;&lt;field_name&gt;Docking_bays&lt;/field_name&gt;&lt;field_name&gt;Crew&lt;/field_name&gt;&lt;field_name&gt;Minimum_crew&lt;/field_name&gt;&lt;field_name&gt;Passengers&lt;/field_name&gt;&lt;field_name&gt;Cargo_capacity&lt;/field_name&gt;&lt;field_name&gt;Consumables&lt;/field_name&gt;&lt;field_name&gt;Role_s_&lt;/field_name&gt;&lt;field_name&gt;Owner_s_&lt;/field_name&gt;&lt;field_name&gt;Commander_s_&lt;/field_name&gt;&lt;field_name&gt;Crewmembers&lt;/field_name&gt;&lt;field_name&gt;Present_for_battles_events&lt;/field_name&gt;&lt;field_name&gt;Cargo_handling_systems&lt;/field_name&gt;&lt;field_name&gt;Communication_systems&lt;/field_name&gt;&lt;field_name&gt;Other_systems&lt;/field_name&gt;&lt;field_name&gt;Aliases&lt;/field_name&gt;&lt;field_name&gt;Sectors_areas&lt;/field_name&gt;&lt;field_name&gt;Died&lt;/field_name&gt;&lt;field_name&gt;Navy&lt;/field_name&gt;&lt;field_name&gt;Line&lt;/field_name&gt;&lt;field_name&gt;Model&lt;/field_name&gt;&lt;/DeleteField&gt;&lt;/workflow&gt;&lt;/operationSequence&gt;</Process><Process ToolSource="c:\program files\arcgis\pro\Resources\ArcToolbox\toolboxes\Conversion Tools.tbx\FeatureClassToFeatureClass" Date="20220511" Time="184424">FeatureClassToFeatureClass PLANETS_V2 C:\Users\jason\Downloads planets_v2.shp # "name "name" true true false 254 Text 0 0,First,#,PLANETS_V2,name,0,254;sector "sector" true true false 254 Text 0 0,First,#,PLANETS_V2,sector,0,254;region "region" true true false 254 Text 0 0,First,#,PLANETS_V2,region,0,254;coordinate "coordinate" true true false 254 Text 0 0,First,#,PLANETS_V2,coordinate,0,254;intensity "intensity" true true false 4 Long 0 0,First,#,PLANETS_V2,intensity,-1,-1;rotation "rotation" true true false 4 Long 0 0,First,#,PLANETS_V2,rotation,-1,-1;image_url "image_url" true true false 254 Text 0 0,First,#,PLANETS_V2,image_url,0,254;summary "summary" true true false 8000 Text 0 0,First,#,PLANETS_V2,summary,0,8000;Class "Class" true true false 8000 Text 0 0,First,#,PLANETS_V2,Class,0,8000;Trade_routes "Trade routes" true true false 8000 Text 0 0,First,#,PLANETS_V2,Trade_routes,0,8000;Climate_1 "Climate" true true false 8000 Text 0 0,First,#,PLANETS_V2,Climate_1,0,8000;Primary_terrain "Primary terrain" true true false 8000 Text 0 0,First,#,PLANETS_V2,Primary_terrain,0,8000;Immigrated_species "Immigrated species" true true false 8000 Text 0 0,First,#,PLANETS_V2,Immigrated_species,0,8000;Affiliation "Affiliation" true true false 8000 Text 0 0,First,#,PLANETS_V2,Affiliation,0,8000;Native_species "Native species" true true false 8000 Text 0 0,First,#,PLANETS_V2,Native_species,0,8000;Suns "Suns" true true false 8000 Text 0 0,First,#,PLANETS_V2,Suns,0,8000;Orbital_position "Orbital position" true true false 8000 Text 0 0,First,#,PLANETS_V2,Orbital_position,0,8000;Moons "Moons" true true false 8000 Text 0 0,First,#,PLANETS_V2,Moons,0,8000;Rotation_period "Rotation period" true true false 8000 Text 0 0,First,#,PLANETS_V2,Rotation_period,0,8000;Orbital_period "Orbital period" true true false 8000 Text 0 0,First,#,PLANETS_V2,Orbital_period,0,8000;Diameter_1 "Diameter" true true false 8000 Text 0 0,First,#,PLANETS_V2,Diameter_1,0,8000;Atmosphere "Atmosphere" true true false 8000 Text 0 0,First,#,PLANETS_V2,Atmosphere,0,8000;Gravity "Gravity" true true false 8000 Text 0 0,First,#,PLANETS_V2,Gravity,0,8000;Points_of_interest "Points of interest" true true false 8000 Text 0 0,First,#,PLANETS_V2,Points_of_interest,0,8000;Primary_language_s_ "Primary language(s)" true true false 8000 Text 0 0,First,#,PLANETS_V2,Primary_language_s_,0,8000;Government "Government" true true false 8000 Text 0 0,First,#,PLANETS_V2,Government,0,8000;Population_1 "Population" true true false 8000 Text 0 0,First,#,PLANETS_V2,Population_1,0,8000;Demonym "Demonym" true true false 8000 Text 0 0,First,#,PLANETS_V2,Demonym,0,8000;Major_cities "Major cities" true true false 8000 Text 0 0,First,#,PLANETS_V2,Major_cities,0,8000;Major_imports "Major imports" true true false 8000 Text 0 0,First,#,PLANETS_V2,Major_imports,0,8000;Major_exports "Major exports" true true false 8000 Text 0 0,First,#,PLANETS_V2,Major_exports,0,8000;Fauna "Fauna" true true false 8000 Text 0 0,First,#,PLANETS_V2,Fauna,0,8000;Designation "Designation" true true false 8000 Text 0 0,First,#,PLANETS_V2,Designation,0,8000;Classification "Classification" true true false 8000 Text 0 0,First,#,PLANETS_V2,Classification,0,8000;Average_height "Average height" true true false 8000 Text 0 0,First,#,PLANETS_V2,Average_height,0,8000;Distinctions "Distinctions" true true false 8000 Text 0 0,First,#,PLANETS_V2,Distinctions,0,8000;Homeworld "Homeworld" true true false 8000 Text 0 0,First,#,PLANETS_V2,Homeworld,0,8000;Surface_water "Surface water" true true false 8000 Text 0 0,First,#,PLANETS_V2,Surface_water,0,8000;Flora "Flora" true true false 8000 Text 0 0,First,#,PLANETS_V2,Flora,0,8000;Orbits "Orbits" true true false 8000 Text 0 0,First,#,PLANETS_V2,Orbits,0,8000;Species "Species" true true false 8000 Text 0 0,First,#,PLANETS_V2,Species,0,8000;Eye_color "Eye color" true true false 8000 Text 0 0,First,#,PLANETS_V2,Eye_color,0,8000;Skin_color "Skin color" true true false 8000 Text 0 0,First,#,PLANETS_V2,Skin_color,0,8000;Planet "Planet" true true false 8000 Text 0 0,First,#,PLANETS_V2,Planet,0,8000;Distance_from_Core "Distance from Core" true true false 8000 Text 0 0,First,#,PLANETS_V2,Distance_from_Core,0,8000;Affiliation_s_ "Affiliation(s)" true true false 8000 Text 0 0,First,#,PLANETS_V2,Affiliation_s_,0,8000;Language "Language" true true false 8000 Text 0 0,First,#,PLANETS_V2,Language,0,8000;Space_stations "Space stations" true true false 8000 Text 0 0,First,#,PLANETS_V2,Space_stations,0,8000;Subspecies "Subspecies" true true false 8000 Text 0 0,First,#,PLANETS_V2,Subspecies,0,8000;Average_lifespan "Average lifespan" true true false 8000 Text 0 0,First,#,PLANETS_V2,Average_lifespan,0,8000;Point_s__of_interest "Point(s) of interest" true true false 8000 Text 0 0,First,#,PLANETS_V2,Point_s__of_interest,0,8000" #</Process></lineage></DataProperties><SyncDate>20220511</SyncDate><SyncTime>18442300</SyncTime><ModDate>20220511</ModDate><ModTime>18442300</ModTime></Esri><dataIdInfo><envirDesc Sync="TRUE">Microsoft Windows 10 Version 10.0 (Build 19044) ; Esri ArcGIS 12.9.2.32739</envirDesc><dataLang><languageCode value="eng" Sync="TRUE"></languageCode><countryCode value="USA" Sync="TRUE"></countryCode></dataLang><idCitation><resTitle Sync="TRUE">planets_v2</resTitle><presForm><PresFormCd value="005" Sync="TRUE"></PresFormCd></presForm></idCitation><spatRpType><SpatRepTypCd value="001" Sync="TRUE"></SpatRepTypCd></spatRpType></dataIdInfo><mdLang><languageCode value="eng" Sync="TRUE"></languageCode><countryCode value="USA" Sync="TRUE"></countryCode></mdLang><mdChar><CharSetCd value="004" Sync="TRUE"></CharSetCd></mdChar><distInfo><distFormat><formatName Sync="TRUE">Shapefile</formatName></distFormat><distTranOps><transSize Sync="TRUE">0.000</transSize></distTranOps></distInfo><mdHrLv><ScopeCd value="005" Sync="TRUE"></ScopeCd></mdHrLv><mdHrLvName Sync="TRUE">dataset</mdHrLvName><refSysInfo><RefSystem><refSysID><identCode code="4326" Sync="TRUE"></identCode><idCodeSpace Sync="TRUE">EPSG</idCodeSpace><idVersion Sync="TRUE">6.2(3.0.1)</idVersion></refSysID></RefSystem></refSysInfo><spatRepInfo><VectSpatRep><geometObjs Name="planets_v2"><geoObjTyp><GeoObjTypCd value="004" Sync="TRUE"></GeoObjTypCd></geoObjTyp><geoObjCnt Sync="TRUE">0</geoObjCnt></geometObjs><topLvl><TopoLevCd value="001" Sync="TRUE"></TopoLevCd></topLvl></VectSpatRep></spatRepInfo><spdoinfo><ptvctinf><esriterm Name="planets_v2"><efeatyp Sync="TRUE">Simple</efeatyp><efeageom code="1" Sync="TRUE"></efeageom><esritopo Sync="TRUE">FALSE</esritopo><efeacnt Sync="TRUE">0</efeacnt><spindex Sync="TRUE">FALSE</spindex><linrefer Sync="TRUE">FALSE</linrefer></esriterm></ptvctinf></spdoinfo><eainfo><detailed Name="planets_v2"><enttyp><enttypl Sync="TRUE">planets_v2</enttypl><enttypt Sync="TRUE">Feature Class</enttypt><enttypc Sync="TRUE">0</enttypc></enttyp><attr><attrlabl Sync="TRUE">FID</attrlabl><attalias Sync="TRUE">FID</attalias><attrtype Sync="TRUE">OID</attrtype><attwidth Sync="TRUE">4</attwidth><atprecis Sync="TRUE">0</atprecis><attscale Sync="TRUE">0</attscale><attrdef Sync="TRUE">Internal feature number.</attrdef><attrdefs Sync="TRUE">Esri</attrdefs><attrdomv><udom Sync="TRUE">Sequential unique whole numbers that are automatically generated.</udom></attrdomv></attr><attr><attrlabl Sync="TRUE">Shape</attrlabl><attalias Sync="TRUE">Shape</attalias><attrtype Sync="TRUE">Geometry</attrtype><attwidth Sync="TRUE">0</attwidth><atprecis Sync="TRUE">0</atprecis><attscale Sync="TRUE">0</attscale><attrdef Sync="TRUE">Feature geometry.</attrdef><attrdefs Sync="TRUE">Esri</attrdefs><attrdomv><udom Sync="TRUE">Coordinates defining the features.</udom></attrdomv></attr><attr><attrlabl Sync="TRUE">name</attrlabl><attalias Sync="TRUE">name</attalias><attrtype Sync="TRUE">String</attrtype><attwidth Sync="TRUE">254</attwidth><atprecis Sync="TRUE">0</atprecis><attscale Sync="TRUE">0</attscale></attr><attr><attrlabl Sync="TRUE">sector</attrlabl><attalias Sync="TRUE">sector</attalias><attrtype Sync="TRUE">String</attrtype><attwidth Sync="TRUE">254</attwidth><atprecis Sync="TRUE">0</atprecis><attscale Sync="TRUE">0</attscale></attr><attr><attrlabl Sync="TRUE">region</attrlabl><attalias Sync="TRUE">region</attalias><attrtype Sync="TRUE">String</attrtype><attwidth Sync="TRUE">254</attwidth><atprecis Sync="TRUE">0</atprecis><attscale Sync="TRUE">0</attscale></attr><attr><attrlabl Sync="TRUE">coordinate</attrlabl><attalias Sync="TRUE">coordinate</attalias><attrtype Sync="TRUE">String</attrtype><attwidth Sync="TRUE">254</attwidth><atprecis Sync="TRUE">0</atprecis><attscale Sync="TRUE">0</attscale></attr><attr><attrlabl Sync="TRUE">intensity</attrlabl><attalias Sync="TRUE">intensity</attalias><attrtype Sync="TRUE">Integer</attrtype><attwidth Sync="TRUE">10</attwidth><atprecis Sync="TRUE">10</atprecis><attscale Sync="TRUE">0</attscale></attr><attr><attrlabl Sync="TRUE">rotation</attrlabl><attalias Sync="TRUE">rotation</attalias><attrtype Sync="TRUE">Integer</attrtype><attwidth Sync="TRUE">10</attwidth><atprecis Sync="TRUE">10</atprecis><attscale Sync="TRUE">0</attscale></attr><attr><attrlabl Sync="TRUE">image_url</attrlabl><attalias Sync="TRUE">image_url</attalias><attrtype Sync="TRUE">String</attrtype><attwidth Sync="TRUE">254</attwidth><atprecis Sync="TRUE">0</atprecis><attscale Sync="TRUE">0</attscale></attr><attr><attrlabl Sync="TRUE">population</attrlabl><attalias Sync="TRUE">Population</attalias><attrtype Sync="TRUE">String</attrtype><attwidth Sync="TRUE">254</attwidth><atprecis Sync="TRUE">0</atprecis><attscale Sync="TRUE">0</attscale></attr><attr><attrlabl Sync="TRUE">summary</attrlabl><attalias Sync="TRUE">summary</attalias><attrtype Sync="TRUE">String</attrtype><attwidth Sync="TRUE">254</attwidth><atprecis Sync="TRUE">0</atprecis><attscale Sync="TRUE">0</attscale></attr><attr><attrlabl Sync="TRUE">Trade_rout</attrlabl><attalias Sync="TRUE">Trade_rout</attalias><attrtype Sync="TRUE">String</attrtype><attwidth Sync="TRUE">254</attwidth><atprecis Sync="TRUE">0</atprecis><attscale Sync="TRUE">0</attscale></attr><attr><attrlabl Sync="TRUE">Class</attrlabl><attalias Sync="TRUE">Class</attalias><attrtype Sync="TRUE">String</attrtype><attwidth Sync="TRUE">254</attwidth><atprecis Sync="TRUE">0</atprecis><attscale Sync="TRUE">0</attscale></attr><attr><attrlabl Sync="TRUE">Primary_te</attrlabl><attalias Sync="TRUE">Primary_te</attalias><attrtype Sync="TRUE">String</attrtype><attwidth Sync="TRUE">254</attwidth><atprecis Sync="TRUE">0</atprecis><attscale Sync="TRUE">0</attscale></attr><attr><attrlabl Sync="TRUE">Immigrated</attrlabl><attalias Sync="TRUE">Immigrated</attalias><attrtype Sync="TRUE">String</attrtype><attwidth Sync="TRUE">254</attwidth><atprecis Sync="TRUE">0</atprecis><attscale Sync="TRUE">0</attscale></attr><attr><attrlabl Sync="TRUE">Affiliatio</attrlabl><attalias Sync="TRUE">Affiliatio</attalias><attrtype Sync="TRUE">String</attrtype><attwidth Sync="TRUE">254</attwidth><atprecis Sync="TRUE">0</atprecis><attscale Sync="TRUE">0</attscale></attr><attr><attrlabl Sync="TRUE">Native_spe</attrlabl><attalias Sync="TRUE">Native_spe</attalias><attrtype Sync="TRUE">String</attrtype><attwidth Sync="TRUE">254</attwidth><atprecis Sync="TRUE">0</atprecis><attscale Sync="TRUE">0</attscale></attr><attr><attrlabl Sync="TRUE">Climate_1</attrlabl><attalias Sync="TRUE">Climate_1</attalias><attrtype Sync="TRUE">String</attrtype><attwidth Sync="TRUE">254</attwidth><atprecis Sync="TRUE">0</atprecis><attscale Sync="TRUE">0</attscale></attr><attr><attrlabl Sync="TRUE">Orbital_po</attrlabl><attalias Sync="TRUE">Orbital_po</attalias><attrtype Sync="TRUE">String</attrtype><attwidth Sync="TRUE">254</attwidth><atprecis Sync="TRUE">0</atprecis><attscale Sync="TRUE">0</attscale></attr><attr><attrlabl Sync="TRUE">Suns</attrlabl><attalias Sync="TRUE">Suns</attalias><attrtype Sync="TRUE">String</attrtype><attwidth Sync="TRUE">254</attwidth><atprecis Sync="TRUE">0</atprecis><attscale Sync="TRUE">0</attscale></attr><attr><attrlabl Sync="TRUE">Rotation_p</attrlabl><attalias Sync="TRUE">Rotation_p</attalias><attrtype Sync="TRUE">String</attrtype><attwidth Sync="TRUE">254</attwidth><atprecis Sync="TRUE">0</atprecis><attscale Sync="TRUE">0</attscale></attr><attr><attrlabl Sync="TRUE">Orbital_pe</attrlabl><attalias Sync="TRUE">Orbital_pe</attalias><attrtype Sync="TRUE">String</attrtype><attwidth Sync="TRUE">254</attwidth><atprecis Sync="TRUE">0</atprecis><attscale Sync="TRUE">0</attscale></attr><attr><attrlabl Sync="TRUE">Moons</attrlabl><attalias Sync="TRUE">Moons</attalias><attrtype Sync="TRUE">String</attrtype><attwidth Sync="TRUE">254</attwidth><atprecis Sync="TRUE">0</atprecis><attscale Sync="TRUE">0</attscale></attr><attr><attrlabl Sync="TRUE">Diameter_1</attrlabl><attalias Sync="TRUE">Diameter_1</attalias><attrtype Sync="TRUE">String</attrtype><attwidth Sync="TRUE">254</attwidth><atprecis Sync="TRUE">0</atprecis><attscale Sync="TRUE">0</attscale></attr><attr><attrlabl Sync="TRUE">Atmosphere</attrlabl><attalias Sync="TRUE">Atmosphere</attalias><attrtype Sync="TRUE">String</attrtype><attwidth Sync="TRUE">254</attwidth><atprecis Sync="TRUE">0</atprecis><attscale Sync="TRUE">0</attscale></attr><attr><attrlabl Sync="TRUE">Points_of_</attrlabl><attalias Sync="TRUE">Points_of_</attalias><attrtype Sync="TRUE">String</attrtype><attwidth Sync="TRUE">254</attwidth><atprecis Sync="TRUE">0</atprecis><attscale Sync="TRUE">0</attscale></attr><attr><attrlabl Sync="TRUE">Primary_la</attrlabl><attalias Sync="TRUE">Primary_la</attalias><attrtype Sync="TRUE">String</attrtype><attwidth Sync="TRUE">254</attwidth><atprecis Sync="TRUE">0</atprecis><attscale Sync="TRUE">0</attscale></attr><attr><attrlabl Sync="TRUE">Gravity</attrlabl><attalias Sync="TRUE">Gravity</attalias><attrtype Sync="TRUE">String</attrtype><attwidth Sync="TRUE">254</attwidth><atprecis Sync="TRUE">0</atprecis><attscale Sync="TRUE">0</attscale></attr><attr><attrlabl Sync="TRUE">Government</attrlabl><attalias Sync="TRUE">Government</attalias><attrtype Sync="TRUE">String</attrtype><attwidth Sync="TRUE">254</attwidth><atprecis Sync="TRUE">0</atprecis><attscale Sync="TRUE">0</attscale></attr><attr><attrlabl Sync="TRUE">Demonym</attrlabl><attalias Sync="TRUE">Demonym</attalias><attrtype Sync="TRUE">String</attrtype><attwidth Sync="TRUE">254</attwidth><atprecis Sync="TRUE">0</atprecis><attscale Sync="TRUE">0</attscale></attr><attr><attrlabl Sync="TRUE">Major_citi</attrlabl><attalias Sync="TRUE">Major_citi</attalias><attrtype Sync="TRUE">String</attrtype><attwidth Sync="TRUE">254</attwidth><atprecis Sync="TRUE">0</atprecis><attscale Sync="TRUE">0</attscale></attr><attr><attrlabl Sync="TRUE">Major_impo</attrlabl><attalias Sync="TRUE">Major_impo</attalias><attrtype Sync="TRUE">String</attrtype><attwidth Sync="TRUE">254</attwidth><atprecis Sync="TRUE">0</atprecis><attscale Sync="TRUE">0</attscale></attr><attr><attrlabl Sync="TRUE">Major_expo</attrlabl><attalias Sync="TRUE">Major_expo</attalias><attrtype Sync="TRUE">String</attrtype><attwidth Sync="TRUE">254</attwidth><atprecis Sync="TRUE">0</atprecis><attscale Sync="TRUE">0</attscale></attr><attr><attrlabl Sync="TRUE">Fauna</attrlabl><attalias Sync="TRUE">Fauna</attalias><attrtype Sync="TRUE">String</attrtype><attwidth Sync="TRUE">254</attwidth><atprecis Sync="TRUE">0</atprecis><attscale Sync="TRUE">0</attscale></attr><attr><attrlabl Sync="TRUE">Designatio</attrlabl><attalias Sync="TRUE">Designatio</attalias><attrtype Sync="TRUE">String</attrtype><attwidth Sync="TRUE">254</attwidth><atprecis Sync="TRUE">0</atprecis><attscale Sync="TRUE">0</attscale></attr><attr><attrlabl Sync="TRUE">Classifica</attrlabl><attalias Sync="TRUE">Classifica</attalias><attrtype Sync="TRUE">String</attrtype><attwidth Sync="TRUE">254</attwidth><atprecis Sync="TRUE">0</atprecis><attscale Sync="TRUE">0</attscale></attr><attr><attrlabl Sync="TRUE">Average_he</attrlabl><attalias Sync="TRUE">Average_he</attalias><attrtype Sync="TRUE">String</attrtype><attwidth Sync="TRUE">254</attwidth><atprecis Sync="TRUE">0</atprecis><attscale Sync="TRUE">0</attscale></attr><attr><attrlabl Sync="TRUE">Distinctio</attrlabl><attalias Sync="TRUE">Distinctio</attalias><attrtype Sync="TRUE">String</attrtype><attwidth Sync="TRUE">254</attwidth><atprecis Sync="TRUE">0</atprecis><attscale Sync="TRUE">0</attscale></attr><attr><attrlabl Sync="TRUE">Homeworld</attrlabl><attalias Sync="TRUE">Homeworld</attalias><attrtype Sync="TRUE">String</attrtype><attwidth Sync="TRUE">254</attwidth><atprecis Sync="TRUE">0</atprecis><attscale Sync="TRUE">0</attscale></attr><attr><attrlabl Sync="TRUE">Surface_wa</attrlabl><attalias Sync="TRUE">Surface_wa</attalias><attrtype Sync="TRUE">String</attrtype><attwidth Sync="TRUE">254</attwidth><atprecis Sync="TRUE">0</atprecis><attscale Sync="TRUE">0</attscale></attr><attr><attrlabl Sync="TRUE">Flora</attrlabl><attalias Sync="TRUE">Flora</attalias><attrtype Sync="TRUE">String</attrtype><attwidth Sync="TRUE">254</attwidth><atprecis Sync="TRUE">0</atprecis><attscale Sync="TRUE">0</attscale></attr><attr><attrlabl Sync="TRUE">Orbits</attrlabl><attalias Sync="TRUE">Orbits</attalias><attrtype Sync="TRUE">String</attrtype><attwidth Sync="TRUE">254</attwidth><atprecis Sync="TRUE">0</atprecis><attscale Sync="TRUE">0</attscale></attr><attr><attrlabl Sync="TRUE">Species</attrlabl><attalias Sync="TRUE">Species</attalias><attrtype Sync="TRUE">String</attrtype><attwidth Sync="TRUE">254</attwidth><atprecis Sync="TRUE">0</atprecis><attscale Sync="TRUE">0</attscale></attr><attr><attrlabl Sync="TRUE">Eye_color</attrlabl><attalias Sync="TRUE">Eye_color</attalias><attrtype Sync="TRUE">String</attrtype><attwidth Sync="TRUE">254</attwidth><atprecis Sync="TRUE">0</atprecis><attscale Sync="TRUE">0</attscale></attr><attr><attrlabl Sync="TRUE">Skin_color</attrlabl><attalias Sync="TRUE">Skin_color</attalias><attrtype Sync="TRUE">String</attrtype><attwidth Sync="TRUE">254</attwidth><atprecis Sync="TRUE">0</atprecis><attscale Sync="TRUE">0</attscale></attr><attr><attrlabl Sync="TRUE">Planet</attrlabl><attalias Sync="TRUE">Planet</attalias><attrtype Sync="TRUE">String</attrtype><attwidth Sync="TRUE">254</attwidth><atprecis Sync="TRUE">0</atprecis><attscale Sync="TRUE">0</attscale></attr><attr><attrlabl Sync="TRUE">Distance_f</attrlabl><attalias Sync="TRUE">Distance_f</attalias><attrtype Sync="TRUE">String</attrtype><attwidth Sync="TRUE">254</attwidth><atprecis Sync="TRUE">0</atprecis><attscale Sync="TRUE">0</attscale></attr><attr><attrlabl Sync="TRUE">Affiliat_1</attrlabl><attalias Sync="TRUE">Affiliat_1</attalias><attrtype Sync="TRUE">String</attrtype><attwidth Sync="TRUE">254</attwidth><atprecis Sync="TRUE">0</atprecis><attscale Sync="TRUE">0</attscale></attr><attr><attrlabl Sync="TRUE">Language</attrlabl><attalias Sync="TRUE">Language</attalias><attrtype Sync="TRUE">String</attrtype><attwidth Sync="TRUE">254</attwidth><atprecis Sync="TRUE">0</atprecis><attscale Sync="TRUE">0</attscale></attr><attr><attrlabl Sync="TRUE">Space_stat</attrlabl><attalias Sync="TRUE">Space_stat</attalias><attrtype Sync="TRUE">String</attrtype><attwidth Sync="TRUE">254</attwidth><atprecis Sync="TRUE">0</atprecis><attscale Sync="TRUE">0</attscale></attr><attr><attrlabl Sync="TRUE">Subspecies</attrlabl><attalias Sync="TRUE">Subspecies</attalias><attrtype Sync="TRUE">String</attrtype><attwidth Sync="TRUE">254</attwidth><atprecis Sync="TRUE">0</atprecis><attscale Sync="TRUE">0</attscale></attr><attr><attrlabl Sync="TRUE">Average_li</attrlabl><attalias Sync="TRUE">Average_li</attalias><attrtype Sync="TRUE">String</attrtype><attwidth Sync="TRUE">254</attwidth><atprecis Sync="TRUE">0</atprecis><attscale Sync="TRUE">0</attscale></attr><attr><attrlabl Sync="TRUE">Point_s__o</attrlabl><attalias Sync="TRUE">Point_s__o</attalias><attrtype Sync="TRUE">String</attrtype><attwidth Sync="TRUE">254</attwidth><atprecis Sync="TRUE">0</atprecis><attscale Sync="TRUE">0</attscale></attr></detailed></eainfo><mdDateSt Sync="TRUE">20220511</mdDateSt></metadata>
